name,Cloudiness,Country,Date,Humidity,Lat,Lng,Pressure,Max Temp,Wind Speed
Alofi,75,NU,1561416922,69,-19.06,-169.92,1019.0,80.6,12.75
Busselton,95,AU,1561416731,77,-33.64,115.35,1013.0,55.99,18.95
Rikitea,50,PF,1561416922,86,-23.12,-134.97,1018.61,71.42,17.52
Hermanus,99,ZA,1561416922,92,-34.42,19.24,1019.0,57.0,1.01
Barrow,100,AR,1561416689,70,-38.31,-60.23,1003.69,51.44,6.13
Amuntai,97,ID,1561416856,87,-2.42,115.25,1012.72,76.82,2.13
Nadym,92,RU,1561416923,64,65.53,72.51,1010.94,44.06,2.26
Kumeny,51,RU,1561416923,83,58.11,49.92,1018.98,48.74,5.73
Hobart,0,AU,1561416923,86,-42.88,147.33,1033.0,43.0,10.29
Katsuura,20,JP,1561416923,77,33.93,134.5,1016.0,68.0,8.05
Dikson,100,RU,1561416690,87,73.51,80.55,996.8,41.18,10.36
Omboue,8,GA,1561416923,83,-1.57,9.26,1014.0,75.02,13.47
Ushuaia,40,AR,1561416924,96,-54.81,-68.31,985.0,32.0,16.11
Ostrovnoy,25,RU,1561416735,77,68.05,39.51,1022.73,39.92,6.67
Bluff,0,AU,1561416924,43,-23.58,149.07,1024.33,62.96,12.55
Victoria,75,BN,1561416924,94,5.28,115.24,1010.0,78.8,6.42
Ancud,90,CL,1561416924,86,-41.87,-73.83,1016.0,41.0,5.82
Mataura,69,NZ,1561416925,96,-46.19,168.86,1030.0,46.0,4.0
Kavaratti,40,IN,1561416926,76,10.57,72.64,1006.99,83.3,18.48
Saskylakh,0,RU,1561416685,41,71.97,114.09,1011.85,67.82,6.22
Cayenne,0,GF,1561416750,74,4.94,-52.33,1011.0,82.4,4.7
Hilo,20,US,1561416833,48,19.71,-155.08,1016.0,87.8,12.75
Khatanga,80,RU,1561416926,38,71.98,102.47,1006.31,76.64,7.36
Isangel,75,VU,1561416927,83,-19.55,169.27,1017.0,73.4,13.27
Kaihua,100,CN,1561416927,95,29.14,118.41,1008.68,69.98,3.51
Chokurdakh,0,RU,1561416927,31,70.62,147.9,1018.41,73.76,14.14
Tasiilaq,100,GL,1561416927,93,65.61,-37.64,1021.0,44.6,0.56
Itarema,0,BR,1561416849,81,-2.92,-39.92,1013.29,73.94,6.22
Narsaq,100,GL,1561416752,66,60.91,-46.05,1014.0,53.6,13.87
Providencia,40,CO,1561416928,68,1.24,-77.6,1020.0,71.6,6.93
Atuona,42,PF,1561416928,80,-9.8,-139.03,1011.43,81.14,22.24
Brigantine,1,US,1561416928,61,39.41,-74.36,1011.0,84.0,9.17
Jamestown,87,AU,1561416853,46,-33.21,138.6,1031.13,50.36,7.34
Hofn,31,IS,1561416776,67,64.25,-15.21,1026.13,44.24,11.05
Sungaipenuh,100,ID,1561416707,71,-2.08,101.38,1011.79,72.68,2.89
Shimoda,75,JP,1561416929,88,34.7,138.93,1016.0,75.99,2.24
Teknaf,100,BD,1561416929,75,20.86,92.31,1006.9,84.92,3.47
Nanortalik,99,GL,1561416929,84,60.14,-45.24,1017.11,42.62,31.68
Ilovlya,20,RU,1561416929,28,49.31,43.98,1013.0,84.2,13.42
Butaritari,100,KI,1561416827,78,3.07,172.79,1010.33,83.84,14.38
Kavieng,7,PG,1561416930,77,-2.57,150.8,1010.3,82.58,5.41
Mar del Plata,7,AR,1561416811,55,-46.43,-67.52,1001.82,37.22,17.85
Vardo,1,US,1561416800,74,39.62,-77.74,1010.0,82.99,8.05
Faanui,67,PF,1561416854,81,-16.48,-151.75,1015.86,77.9,22.48
East London,96,ZA,1561416930,85,-33.02,27.91,1023.08,50.18,6.78
Ponta do Sol,0,BR,1561416930,82,-20.63,-46.0,1018.34,60.44,4.18
Anda,98,CN,1561416930,43,46.41,125.33,1004.71,77.36,16.15
Yulara,0,AU,1561416691,51,-25.24,130.99,1026.0,35.6,6.93
Spokoynaya,0,RU,1561416931,7,44.25,41.4,1016.0,69.01,4.0
Lazarev,100,RU,1561416931,99,52.23,141.51,1004.73,44.42,17.54
Yellowknife,75,CA,1561416811,59,62.45,-114.38,1009.0,66.2,8.05
Areosa,0,PT,1561416931,100,41.72,-8.86,1016.0,64.0,2.24
Chapais,1,CA,1561416875,24,49.78,-74.86,1012.0,71.6,3.36
Tuy Hoa,100,VN,1561416931,76,13.08,109.3,1009.75,80.24,5.1
Komsomolskiy,51,RU,1561416932,96,67.55,63.78,1011.76,33.8,10.56
Provideniya,90,RU,1561416932,81,64.42,-173.23,1022.0,46.4,11.18
Benjamin Constant,0,BR,1561416932,62,-4.38,-70.03,1011.0,86.0,3.36
Makurdi,100,NG,1561416932,96,7.73,8.54,1012.95,71.24,0.65
Solnechnyy,100,RU,1561416932,98,50.72,136.64,1002.17,60.44,4.63
Cherskiy,1,RU,1561416933,25,68.75,161.3,1019.69,76.46,5.39
Cape Town,20,ZA,1561416882,82,-33.93,18.42,1020.0,57.99,17.22
Hambantota,77,LK,1561416933,81,6.12,81.12,1008.65,82.04,19.66
Sinnamary,53,GF,1561416777,82,5.38,-52.96,1012.44,80.06,14.5
Saint-Joseph,0,FR,1561416933,68,43.56,6.97,1018.0,80.01,3.36
Uarini,40,BR,1561416933,88,-2.98,-65.16,1010.0,80.6,6.93
Avarua,50,CK,1561416798,57,-21.21,-159.78,1021.0,77.0,13.87
New Norfolk,0,AU,1561416934,86,-42.78,147.06,1033.0,43.0,10.29
Punta Arenas,20,CL,1561416683,68,-53.16,-70.91,991.0,32.0,13.87
Hithadhoo,42,MV,1561416825,73,-0.6,73.08,1009.44,84.02,7.7
Cidreira,100,BR,1561416761,77,-30.17,-50.22,1009.34,66.74,7.36
Castro,90,CL,1561416929,86,-42.48,-73.76,1016.0,41.0,5.82
Pahrump,1,US,1561416934,5,36.21,-115.98,1011.0,102.99,6.93
Bredasdorp,93,ZA,1561416935,93,-34.53,20.04,1023.0,57.2,6.93
San Antonio,0,CL,1561416780,100,-33.58,-71.61,1022.0,44.6,6.93
Kattivakkam,75,IN,1561416846,83,13.22,80.32,1004.0,80.6,4.7
Bone,20,ID,1561416700,100,-5.29,119.42,1012.0,69.8,2.24
Vaini,92,IN,1561416817,90,15.34,74.49,1005.84,77.0,3.13
Tuktoyaktuk,90,CA,1561416937,76,69.44,-133.03,1015.0,50.0,10.29
Kondinskoye,4,RU,1561416937,80,59.65,67.41,1013.33,51.98,5.59
Wewak,18,PG,1561416937,75,-3.55,143.63,1011.07,82.58,2.68
Aginskoye,40,RU,1561416937,56,51.11,114.54,1000.0,60.01,7.0
Vrangel,77,RU,1561416738,61,42.73,133.08,1014.3,70.52,4.03
Namibe,96,AO,1561416937,79,-15.19,12.15,1015.01,66.38,9.33
Cabo San Lucas,5,MX,1561416734,19,22.89,-109.91,1010.0,96.01,19.46
Cabanas,20,ES,1561416938,87,43.42,-8.16,1016.0,63.0,1.12
Mangla,100,IN,1561416938,68,32.54,76.11,1010.93,68.36,7.87
Puerto Ayora,75,EC,1561416644,73,-0.74,-90.35,1011.0,77.0,17.22
Lavrentiya,100,RU,1561416701,77,65.58,-170.99,1023.12,38.3,4.27
Dingle,61,PH,1561416938,77,11.0,122.67,1010.59,81.14,1.59
Tigil,100,RU,1561416938,60,57.8,158.67,1017.11,57.92,10.27
Arraial do Cabo,20,BR,1561416939,88,-22.97,-42.02,1015.0,71.6,5.82
Thompson,75,CA,1561416839,88,55.74,-97.86,999.0,62.6,8.05
Severo-Kurilsk,70,RU,1561416752,88,50.68,156.12,1018.26,44.06,3.51
Mayo,75,CA,1561416796,27,63.59,-135.9,1011.0,77.0,3.36
Finschhafen,45,PG,1561416939,77,-6.6,147.85,1012.15,73.4,3.04
Lebu,20,ET,1561416939,82,8.96,38.73,1025.0,55.4,8.05
Dunmore Town,28,BS,1561416939,68,25.5,-76.65,1016.81,84.02,3.22
Chuy,100,UY,1561416813,95,-33.69,-53.46,1004.86,62.96,12.5
Kaabong,8,UG,1561416940,86,3.51,34.14,1010.85,62.42,1.88
Bethel,75,US,1561416794,55,60.79,-161.76,1019.0,68.0,3.36
Port Alfred,99,ZA,1561416810,86,-33.59,26.89,1021.0,55.99,4.0
Amalapuram,4,IN,1561416804,85,16.58,82.0,1004.15,81.5,3.94
Klaksvik,0,FO,1561416813,81,62.23,-6.59,1030.0,48.2,2.24
Newberry,90,US,1561416940,93,46.35,-85.51,1000.0,60.8,4.7
Evanston,75,US,1561416941,73,42.04,-87.69,1003.0,77.0,8.05
Nkongsamba,100,CM,1561416941,98,4.95,9.94,1013.62,67.46,2.06
Byron Bay,75,AU,1561416870,87,-28.65,153.62,1027.0,60.8,11.41
Kruisfontein,54,ZA,1561416831,91,-34.0,24.73,1023.55,48.56,5.75
Olinda,40,EC,1561416744,69,-2.03,-79.75,1011.0,82.4,4.7
Mahebourg,75,MU,1561416941,94,-20.41,57.7,1017.0,73.0,13.87
Leningradskiy,17,RU,1561416941,70,69.38,178.42,1024.87,38.84,7.34
Saint George,75,GR,1561416677,61,39.45,22.34,1014.0,80.6,10.29
Albany,75,US,1561416623,42,42.65,-73.75,1010.0,81.0,5.82
Coihaique,75,CL,1561416669,69,-45.58,-72.07,1006.0,37.4,6.93
Faxinal,0,BR,1561416942,88,-24.0,-51.32,1014.79,60.26,4.21
Bathsheba,20,BB,1561416942,74,13.22,-59.52,1013.0,82.4,19.46
Port Elizabeth,1,US,1561416816,61,39.31,-74.98,1011.0,89.01,9.17
Zhicheng,98,CN,1561416942,45,35.04,112.59,1008.62,78.44,1.28
Kerema,66,PG,1561416942,86,-7.96,145.78,1014.51,78.98,16.02
Pisco,40,PE,1561416943,30,-13.71,-76.2,1015.0,71.6,16.11
Walvis Bay,0,NA,1561416943,93,-22.95,14.51,1018.0,55.4,6.93
Fortuna,75,ES,1561416858,78,38.18,-1.13,1015.0,73.99,2.24
Vila,0,IT,1561416943,83,45.18,8.4,1021.0,82.0,4.7
Seguela,81,CI,1561416943,98,7.96,-6.67,1014.46,71.6,4.65
Erenhot,0,CN,1561416845,49,43.65,111.97,1000.2,77.0,15.3
Bilma,23,NE,1561416944,20,18.69,12.92,1006.65,91.04,5.41
Lompoc,1,US,1561416942,72,34.64,-120.46,1013.0,72.0,14.99
Buta,86,CD,1561416944,95,2.79,24.73,1011.37,69.26,1.34
Ballina,40,IE,1561416944,93,54.11,-9.15,1021.0,55.4,10.29
Ribeira Grande,0,PT,1561416944,74,38.52,-28.7,1023.14,65.66,12.01
Margherita,90,IN,1561416945,95,27.29,95.67,1006.44,78.08,1.77
Salalah,75,OM,1561416853,89,17.01,54.1,1003.0,84.2,9.17
Jinchang,74,CN,1561416945,61,38.52,102.19,1012.57,63.32,5.73
Dimona,12,IL,1561416945,86,31.07,35.04,1008.0,69.01,7.78
Qaanaaq,100,GL,1561416691,67,77.48,-69.36,1011.83,35.24,1.7
Laramie,75,US,1561416927,25,41.31,-105.59,1017.0,72.0,17.22
Hadejia,57,NG,1561416945,52,12.45,10.04,1009.25,86.9,8.61
Gamba,18,CN,1561416946,68,28.28,88.52,1014.87,39.02,1.5
Lozuvatka,89,UA,1561416946,94,49.68,35.29,1020.88,65.84,12.91
Traralgon,81,AU,1561416946,44,-38.19,146.54,1034.0,48.99,4.0
Kalmunai,81,LK,1561416946,83,7.42,81.82,1007.45,76.1,1.19
Oranjemund,100,ZA,1561416799,92,-28.55,16.43,1018.4,55.22,9.69
Huanren,23,CN,1561416947,57,41.26,125.37,1013.23,70.34,7.05
Carauari,58,BR,1561416746,77,-4.88,-66.9,1009.96,77.0,1.57
Baringo,13,KE,1561416947,92,0.47,35.97,1014.39,54.32,3.0
Rocha,100,UY,1561416712,97,-34.48,-54.34,1003.32,61.16,10.71
Rubiataba,0,BR,1561416947,51,-15.16,-49.8,1014.19,69.62,2.86
Harper,1,US,1561416725,51,30.3,-99.24,1013.0,84.0,3.36
Kitimat,75,CA,1561416947,51,54.02,-128.69,1015.0,62.6,5.82
Atar,0,MR,1561416692,12,20.52,-13.05,1011.74,92.48,9.8
Samarai,99,PG,1561416667,95,-10.62,150.67,1012.96,75.02,9.22
Beringovskiy,100,RU,1561416869,87,63.05,179.32,1019.84,47.84,10.36
College,1,US,1561416831,35,64.86,-147.8,1016.0,72.0,13.87
Nikolskoye,20,RU,1561416742,81,59.7,30.79,1027.0,53.6,4.47
Aykhal,0,RU,1561416948,45,65.95,111.51,1013.0,68.0,2.24
Mount Gambier,16,AU,1561416658,81,-37.83,140.78,1031.0,42.8,10.29
Asmara,15,ER,1561416949,63,15.34,38.93,1009.4,73.94,1.28
Vangaindrano,7,MG,1561416949,96,-23.35,47.6,1015.32,63.32,2.37
Teya,40,MX,1561416949,24,21.05,-89.07,1011.0,104.0,23.04
Luwuk,98,ID,1561416949,97,-0.95,122.79,1013.65,64.76,4.68
Port Blair,100,IN,1561416803,77,11.67,92.75,1007.58,82.94,11.23
Abha,0,SA,1561416949,56,18.22,42.5,1022.0,73.4,4.7
Oriximina,2,BR,1561416950,78,-1.77,-55.87,1010.47,80.42,7.96
Verkhoyansk,69,RU,1561416950,54,67.55,133.39,1008.56,67.64,3.98
Georgetown,40,GY,1561416724,88,6.8,-58.16,1011.0,80.6,11.41
Newport,99,GB,1561416950,100,51.59,-3.0,1019.0,64.0,3.36
Richards Bay,31,ZA,1561416950,69,-28.77,32.06,1021.04,64.58,7.07
Praia,0,BR,1561416753,77,-20.25,-43.81,1019.0,69.8,0.92
Mabaruma,100,GY,1561416874,98,8.2,-59.78,1012.67,74.3,3.22
Saint Anthony,1,US,1561416951,20,43.97,-111.68,1013.0,73.99,20.8
Norman Wells,40,CA,1561416815,41,65.28,-126.83,1011.0,75.2,4.7
Yuksekova,0,TR,1561416906,42,37.57,44.29,1013.0,66.2,6.93
Saldanha,47,PT,1561416772,93,41.42,-6.55,1016.55,55.04,2.82
Canutama,67,BR,1561416843,64,-6.53,-64.38,1009.22,77.9,0.63
Taywarah,0,AF,1561416951,25,33.35,64.42,1010.3,53.96,8.55
Grand Island,1,US,1561416750,36,40.92,-98.34,1009.0,82.99,10.29
Preston,0,GB,1561416952,82,53.76,-2.71,1019.0,64.0,6.93
Xunchang,100,CN,1561416952,97,28.45,104.71,1009.33,68.36,0.51
Tuyen Quang,100,VN,1561416736,96,21.82,105.22,1006.8,77.36,1.1
Meadow Lake,90,CA,1561416952,77,54.13,-108.44,1003.0,60.8,8.05
Te Anau,0,NZ,1561416895,77,-45.41,167.72,1030.25,44.06,2.75
Banepa,40,NP,1561416953,88,27.63,85.52,1012.0,73.4,2.24
Atherton,97,GB,1561416764,88,53.52,-2.49,1019.0,64.0,2.24
Varhaug,75,NO,1561416953,93,58.61,5.65,1024.0,57.2,3.36
Jacmel,20,HT,1561416755,46,18.24,-72.54,1014.0,91.4,3.36
Scottsbluff,1,US,1561416892,65,41.87,-103.67,1009.0,82.99,11.41
Hasaki,75,JP,1561416953,93,35.73,140.83,1018.0,70.0,3.36
Menongue,0,AO,1561416953,43,-14.66,17.68,1017.54,50.9,2.19
Laguna,5,MX,1561416868,18,27.52,-110.01,1007.0,98.6,9.17
Upernavik,50,GL,1561416795,88,72.79,-56.15,1012.81,36.86,11.88
Tiksi,2,RU,1561416954,55,71.64,128.87,1011.86,55.4,5.44
Ucluelet,75,CA,1561416829,62,48.94,-125.55,1018.0,69.01,9.17
Kostomuksha,69,RU,1561416954,91,64.59,30.6,1026.73,45.86,4.83
Demyansk,48,RU,1561416954,78,57.64,32.46,1029.57,50.72,3.42
Angoche,1,MZ,1561416954,96,-16.23,39.91,1015.76,67.28,4.05
Coari,38,BR,1561416955,81,-4.09,-63.14,1009.66,77.54,2.91
Kuybyshevo,0,UA,1561416955,82,44.63,33.86,1014.05,73.22,9.64
Aksu,0,KZ,1561416742,93,52.04,76.93,1013.0,53.6,4.47
Kaputa,0,ZM,1561416955,56,-8.47,29.66,1015.49,59.36,2.42
Guerrero Negro,1,MX,1561416756,84,27.97,-114.04,1010.72,65.12,15.12
Chernyshevskiy,37,RU,1561416821,48,63.01,112.47,1010.23,69.8,7.27
Kurilsk,3,RU,1561416956,93,45.23,147.88,1016.2,49.28,5.7
Coahuayana,100,MX,1561416859,87,18.62,-100.35,1013.26,75.74,6.87
Clyde River,75,CA,1561416840,62,70.47,-68.59,1007.0,51.8,18.34
Middle Island,1,US,1561416956,56,40.88,-72.94,1011.0,79.0,8.05
Port Macquarie,76,AU,1561416846,100,-31.43,152.91,1031.0,57.99,4.7
Kulhudhuffushi,33,MV,1561416719,77,6.62,73.07,1008.46,82.94,14.23
Kodiak,20,US,1561416824,42,39.95,-94.76,1009.0,81.0,10.29
Berlevag,97,NO,1561416723,89,70.86,29.09,1021.75,45.32,21.3
Vanimo,73,PG,1561416956,77,-2.67,141.3,1011.28,82.58,8.12
Pangnirtung,20,CA,1561416704,62,66.15,-65.72,1013.0,51.8,17.22
Tayga,85,RU,1561416957,92,64.77,43.49,1024.7,37.94,1.86
Rapid Valley,75,US,1561416957,72,44.06,-103.15,1009.0,69.8,8.05
Kapaa,90,US,1561416684,70,22.08,-159.32,1015.0,84.2,14.99
Minot,90,US,1561416618,82,48.23,-101.3,1003.0,71.01,5.82
Port Hedland,0,AU,1561416957,44,-20.31,118.58,1018.0,57.2,9.17
Saint-Ambroise,0,FR,1561416957,88,47.25,-0.65,1014.0,69.01,8.05
Lorengau,57,PG,1561416878,79,-2.02,147.27,1010.76,83.12,7.61
Mokhsogollokh,100,RU,1561416958,91,61.4,128.95,1008.48,53.6,0.34
Kaitong,100,CN,1561416958,47,44.81,123.15,1004.74,76.82,13.29
Vostok,69,RU,1561416958,57,46.45,135.83,1009.77,73.4,7.92
Kununurra,21,AU,1561416738,26,-15.77,128.74,1020.0,60.8,6.93
Sao Filipe,55,CV,1561416958,82,14.9,-24.5,1015.86,74.3,16.04
Gizo,20,IL,1561416958,83,31.8,34.94,1009.0,79.0,3.36
Venosa,0,IT,1561416959,88,40.96,15.81,1017.0,75.99,17.22
Nioro,33,GM,1561416867,44,13.79,-15.05,1012.41,81.68,10.76
Muros,20,ES,1561416959,87,42.77,-9.06,1017.0,63.0,14.94
Beyneu,0,KZ,1561416711,21,45.32,55.19,1012.44,82.94,4.56
Griffith,81,AU,1561416959,93,-34.29,146.06,1032.0,46.0,12.75
Muravlenko,12,RU,1561416959,72,63.79,74.5,1010.97,47.12,3.33
Hami,0,CN,1561416960,28,42.84,93.51,1010.11,72.5,11.21
Lagoa,0,PT,1561416839,82,37.14,-8.45,1015.0,69.01,6.93
Golden,75,CA,1561416751,36,51.3,-116.96,1010.0,64.4,8.05
Kiama,40,AU,1561416960,100,-34.67,150.86,1034.0,55.99,4.7
Diffa,98,NE,1561416958,45,13.32,12.61,1007.87,87.26,10.78
Yaan,100,NG,1561416960,97,7.38,8.57,1013.03,72.14,6.31
Flinders,40,AU,1561416960,100,-34.58,150.85,1034.0,55.99,4.7
Alta Floresta,0,BR,1561416857,59,-9.87,-56.08,1011.6,71.6,2.71
Jiangyou,99,CN,1561416961,92,31.78,104.73,1011.13,63.14,1.19
Lata,30,IN,1561416954,90,30.78,78.62,1012.28,39.74,2.91
Torbay,75,CA,1561416783,71,47.66,-52.73,1007.0,57.99,6.93
Saint-Philippe,1,CA,1561416952,36,45.36,-73.48,1010.0,79.0,7.2
Cooma,22,AU,1561416961,100,-36.24,149.13,1034.0,28.4,8.05
Mishelevka,100,RU,1561416961,89,52.86,103.17,999.85,59.36,7.29
Khudumelapye,0,BW,1561416961,28,-23.91,24.95,1020.39,44.24,5.37
Sorland,100,NO,1561416962,89,67.67,12.69,1027.31,48.56,17.25
Filadelfia,0,PY,1561416962,39,-22.35,-60.04,1000.61,81.68,14.61
Tuatapere,50,NZ,1561416860,96,-46.13,167.69,1030.0,46.0,4.0
Ko Samui,20,TH,1561416858,78,9.54,99.94,1009.0,82.4,2.24
Changli,100,CN,1561416962,97,30.54,105.42,1008.78,65.66,3.87
Sitka,0,US,1561416858,36,37.17,-99.65,1008.0,84.0,8.99
Ust-Kulom,54,RU,1561416871,82,61.69,53.69,1018.08,46.94,4.88
Souillac,0,FR,1561416963,78,45.6,-0.6,1013.0,75.99,2.24
Biak,98,ID,1561416850,97,-0.91,122.88,1013.65,64.76,4.68
Callaguip,40,PH,1561416963,94,18.07,120.49,1009.0,77.0,3.36
Ayan,0,TR,1561416734,87,40.67,33.6,1015.6,55.4,1.63
Spas-Klepiki,46,RU,1561416963,68,55.13,40.18,1008.0,51.01,5.84
Tiarei,20,PF,1561416739,61,-17.53,-149.33,1016.0,82.4,5.82
Lokoja,100,NG,1561416846,95,7.8,6.74,1012.54,69.62,0.81
Deputatskiy,0,RU,1561416964,41,69.3,139.9,1012.31,64.94,18.41
Ochakiv,0,UA,1561416964,65,46.61,31.55,1016.0,77.0,13.42
La Ronge,75,CA,1561416964,67,55.1,-105.3,1002.0,62.6,5.82
Talnakh,0,RU,1561416964,72,69.49,88.39,1003.0,59.0,11.18
Manaus,0,BR,1561416964,66,-3.13,-59.98,1011.0,86.0,3.36
Norrtalje,0,SE,1561416854,66,59.76,18.7,1030.0,57.99,6.93
Adamovka,1,RU,1561416965,74,51.52,59.94,1012.37,68.18,4.92
Beauvais,0,FR,1561416965,82,49.44,2.09,1016.0,75.2,3.36
Wattegama,100,LK,1561416965,89,7.35,80.68,1007.61,73.76,4.45
Jinxiang,100,CN,1561416965,40,35.07,116.31,998.0,81.0,8.88
Shiyan,64,CN,1561416966,59,32.65,110.78,1009.45,73.76,0.69
Senaki,75,GE,1561416966,94,42.27,42.06,1014.0,73.4,4.7
Aklavik,90,CA,1561416843,93,68.22,-135.01,1016.0,50.0,10.29
Chabahar,0,IR,1561416966,89,25.29,60.65,1001.82,80.42,6.49
Liverpool,0,GB,1561416534,82,53.41,-2.98,1019.0,64.0,6.93
Chota,40,EC,1561416966,71,0.47,-78.07,1029.0,57.2,10.29
Nome,1,US,1561416851,69,30.04,-94.42,1014.0,89.01,3.36
Dhidhdhoo,31,MV,1561416705,76,6.88,73.1,1008.45,82.94,14.7
Riyadh,0,SA,1561416830,16,24.63,46.72,1008.0,91.4,1.57
Seoul,1,KR,1561416485,73,37.57,126.98,1016.0,71.6,1.12
Pacific Grove,1,US,1561416864,53,36.62,-121.92,1012.0,90.0,19.46
Okhotsk,95,RU,1561416952,73,59.36,143.24,1018.12,52.34,3.6
Broome,100,GB,1561416941,82,52.47,1.45,1018.0,69.8,4.7
West Linn,1,US,1561416967,40,45.37,-122.61,1016.0,73.0,8.05
Constitucion,75,MX,1561416967,13,23.99,-104.67,1018.0,86.0,4.7
Mehamn,100,NO,1561416968,91,71.03,27.85,1022.12,44.6,22.37
Shambu,77,ET,1561416968,90,9.57,37.1,1014.33,55.04,0.56
San Quintin,100,PH,1561416833,84,17.54,120.52,1010.19,77.72,3.85
San Buenaventura,33,MX,1561416968,73,27.06,-101.55,1007.6,71.78,12.44
Ulagan,93,RU,1561416968,90,50.63,87.96,1014.15,37.58,4.34
Najran,0,SA,1561416969,16,17.54,44.22,1013.0,78.8,1.16
San Cristobal,75,EC,1561416969,63,-0.39,-78.55,1024.0,66.2,12.75
Ormara,94,PK,1561416969,72,25.21,64.64,1002.85,82.4,1.92
Dabola,84,GN,1561416970,94,10.74,-11.11,1013.62,70.7,3.78
Ngunguru,87,NZ,1561416970,95,-35.62,174.5,1024.0,51.01,5.01
Huallanca,0,PE,1561416970,85,-9.9,-76.94,1017.73,31.28,3.87
Meridian,1,US,1561416595,55,32.36,-88.7,1014.0,87.8,11.41
Luderitz,8,NA,1561416970,100,-26.65,15.16,1017.0,50.0,2.24
Rozsypne,100,UA,1561416970,66,48.13,38.57,1016.07,70.52,3.98
Bambous Virieux,75,MU,1561416971,94,-20.34,57.76,1017.0,73.0,13.87
Grindavik,75,IS,1561416971,87,63.84,-22.43,1029.0,55.0,8.05
Bilaspur,7,IN,1561416971,58,22.08,82.15,1004.22,86.36,4.76
Zhangye,100,CN,1561416971,56,38.94,100.46,1013.5,63.5,4.61
Rehti,46,IN,1561416971,71,22.74,77.43,1003.23,80.24,8.19
Coquimbo,75,CL,1561416972,82,-29.95,-71.34,1019.0,55.4,8.05
Rjukan,100,NO,1561416972,88,59.88,8.59,1027.0,57.0,5.99
Makakilo City,90,US,1561416588,88,21.35,-158.09,1016.0,82.99,4.7
Matay,0,EG,1561416972,54,28.42,30.79,1009.51,76.82,15.57
Nelson Bay,75,AU,1561416972,100,-32.72,152.14,1032.0,62.01,5.82
Carutapera,24,BR,1561416972,85,-1.2,-46.02,1012.3,77.54,6.4
Lincoln,87,GB,1561416544,93,53.23,-0.54,1019.0,68.0,5.82
Carnarvon,100,ZA,1561416948,37,-30.97,22.13,1020.56,45.32,5.53
Longyearbyen,75,NO,1561416973,81,78.22,15.63,1011.0,44.6,4.7
Gondanglegi,9,ID,1561416973,87,-7.75,112.01,1014.62,70.88,3.6
Marawi,100,PH,1561416973,93,8.0,124.29,1012.0,73.99,5.01
Fort Nelson,90,CA,1561416973,55,58.81,-122.69,1012.0,66.2,6.93
Havre-Saint-Pierre,90,CA,1561416697,47,50.23,-63.6,1008.0,59.0,14.99
Viedma,41,AR,1561416973,73,-40.81,-62.99,1003.77,46.58,21.43
Qaqortoq,100,GL,1561416685,66,60.72,-46.03,1014.0,53.6,13.87
Baculin,96,PH,1561416974,66,7.45,126.58,1011.19,82.04,1.28
Jiuquan,13,CN,1561416974,56,39.73,98.49,1012.89,66.56,2.57
Acoua,0,YT,1561416974,94,-12.72,45.06,1013.0,75.2,5.82
Haines Junction,99,CA,1561416818,40,60.75,-137.51,1011.83,66.2,1.07
Mountain Home,1,US,1561416902,22,43.13,-115.69,1012.0,78.8,16.11
Hualmay,38,PE,1561416974,84,-11.1,-77.61,1016.43,62.42,13.91
Touho,72,NC,1561416975,83,-20.78,165.23,1018.39,70.7,4.65
Iqaluit,20,CA,1561416975,34,63.75,-68.52,1013.0,64.4,16.11
Tarko-Sale,68,RU,1561416975,88,64.92,77.78,1008.0,44.01,12.44
Airai,0,TL,1561416962,54,-8.93,125.41,1016.49,73.58,3.33
Puerto Asis,40,CO,1561416975,65,0.51,-76.5,1014.0,80.6,4.7
Verkhnetulomskiy,0,RU,1561416975,86,68.61,31.8,1022.0,39.2,2.24
Kaitangata,62,NZ,1561416875,69,-46.28,169.85,1027.0,48.99,4.0
Greece,1,US,1561416976,44,43.21,-77.69,1007.0,82.4,5.82
Murindo,100,CO,1561416976,96,6.98,-76.75,1010.65,76.64,1.5
Hamilton,75,CA,1561416588,65,43.26,-79.87,1005.0,82.0,11.41
Port Hardy,90,CA,1561416774,58,50.7,-127.42,1017.0,59.0,3.36
Port Lincoln,13,AU,1561416822,66,-34.72,135.86,1027.57,52.7,15.86
Mentougou,0,CN,1561416976,57,39.94,116.09,1007.0,91.0,6.71
Kirakira,51,SB,1561416977,70,-10.46,161.92,1011.92,82.76,3.96
Tumwater,90,US,1561416977,45,47.01,-122.91,1016.0,71.01,3.36
Srednekolymsk,6,RU,1561416770,27,67.46,153.71,1018.0,78.62,12.53
Naze,75,NG,1561416977,100,5.43,7.07,1013.0,73.4,4.65
Honningsvag,63,NO,1561416977,87,70.98,25.97,1022.53,45.86,23.51
Burlington,75,CA,1561416512,65,43.32,-79.8,1005.0,82.0,11.41
Tautira,20,PF,1561416797,61,-17.73,-149.15,1016.0,82.4,5.82
Shelburne,40,CA,1561416900,57,44.08,-80.2,1005.0,77.0,13.87
Mae Sai,40,MM,1561416978,100,20.44,99.89,1009.0,75.2,2.24
Millau,0,FR,1561416978,46,44.1,3.08,1017.0,73.4,18.34
Warrnambool,33,AU,1561416765,85,-38.38,142.48,1032.0,43.0,18.48
Hollins,40,US,1561416978,88,37.35,-79.95,1015.0,89.6,10.29
Xuddur,0,SO,1561416978,81,4.12,43.89,1011.11,72.5,18.45
Kosh-Agach,60,RU,1561416978,50,49.99,88.66,1013.74,41.72,2.93
Sao Joao da Barra,0,BR,1561416769,83,-21.64,-41.05,1015.0,73.4,9.17
Sioux Lookout,90,CA,1561416979,93,50.1,-91.92,999.0,62.6,4.32
Castanos,25,MX,1561416979,46,26.78,-101.42,1007.7,89.06,17.87
Touros,20,BR,1561416785,88,-5.2,-35.46,1013.0,77.0,6.93
Pimentel,42,BR,1561416816,97,-3.7,-45.5,1012.53,72.68,2.53
Mandera,20,ET,1561416804,70,3.94,41.86,1011.09,77.72,11.18
Rawson,100,AR,1561416713,48,-43.3,-65.11,1003.7,41.18,15.48
Nsanje,0,MZ,1561416979,95,-16.92,35.26,1017.26,63.5,4.07
Vestmannaeyjar,94,IS,1561416746,87,63.44,-20.27,1029.03,51.98,8.99
Taga,20,JP,1561416979,68,35.21,136.34,1016.0,75.0,10.29
Pevek,0,RU,1561416827,66,69.7,170.27,1024.88,38.84,12.08
Paamiut,100,GL,1561416952,96,61.99,-49.67,1012.52,39.74,20.09
Lukulu,0,ZM,1561416980,52,-14.38,23.24,1016.54,54.32,2.82
Bonavista,67,CA,1561416671,83,48.65,-53.11,1005.0,48.0,13.96
Fairbanks,1,US,1561416980,35,64.84,-147.72,1016.0,73.0,13.87
Mookane,0,BW,1561416980,32,-23.68,26.66,1020.12,49.1,3.69
Zavodouspenskoye,0,RU,1561416981,81,56.86,65.02,1012.0,64.99,2.24
Watsa,63,CD,1561416981,98,3.04,29.53,1012.24,64.22,2.15
Dolores,100,AR,1561416981,93,-36.31,-57.68,1003.44,52.16,3.83
Suntar,49,RU,1561416981,93,62.16,117.65,1007.91,59.54,6.24
Caravelas,0,BR,1561416878,82,-17.73,-39.27,1017.88,73.04,5.61
Comodoro Rivadavia,20,AR,1561416874,64,-45.87,-67.48,1003.0,39.2,4.7
Piterka,45,RU,1561416982,76,50.68,47.44,1015.78,64.22,8.97
Birin,0,SY,1561416982,50,35.01,36.67,1008.81,74.3,2.37
San Rafael,22,AR,1561416983,29,-34.61,-68.33,1012.08,46.4,24.52
Milas,0,TR,1561416983,68,37.31,27.78,1009.0,72.0,3.36
Tura,98,IN,1561416983,92,25.52,90.21,1003.4,79.7,7.92
Lakatoro,44,VU,1561416983,80,-16.11,167.42,1013.9,82.04,14.99
Bilopillya,53,UA,1561416984,95,51.15,34.31,1023.77,59.72,8.5
Mao,40,DO,1561416984,55,19.55,-71.08,1014.0,89.6,13.87
Weligama,95,LK,1561416984,80,5.97,80.42,1008.81,83.3,19.51
Xining,89,CN,1561416984,86,36.62,101.77,1014.94,49.46,0.87
Tilichiki,100,RU,1561416984,93,60.47,166.1,1017.7,47.84,2.86
Arman,100,RU,1561416670,95,59.7,150.17,1018.83,41.18,1.92
Along,100,IN,1561416984,98,28.17,94.8,1010.31,62.24,0.6
Mzimba,0,MW,1561416985,65,-11.9,33.6,1016.74,55.58,4.99
Trat,100,TH,1561416985,78,12.25,102.51,1008.0,87.01,2.3
Ust-Maya,1,RU,1561416985,51,60.42,134.54,1011.07,63.14,8.39
Hojo,20,JP,1561416985,82,33.98,132.78,1015.0,70.0,2.24
Sidi Ali,0,DZ,1561416985,89,36.1,0.42,1014.61,70.7,5.3
Florence,20,US,1561416585,61,34.8,-87.68,1012.0,84.99,8.05
Avera,40,US,1561416726,55,33.19,-82.53,1012.0,95.0,10.29
Thinadhoo,46,MV,1561416986,72,0.53,72.93,1009.13,84.38,7.31
Grafton,9,AU,1561416639,87,-29.69,152.93,1028.0,55.4,9.17
Riverton,75,US,1561416704,16,43.02,-108.38,1012.0,75.99,11.41
Meulaboh,100,ID,1561416944,73,4.14,96.13,1011.26,82.22,6.13
Reconquista,100,AR,1561416788,70,-29.14,-59.64,999.36,69.8,9.28
Chacabuco,100,AR,1561416986,96,-34.64,-60.47,1002.07,54.86,8.72
Ketchikan,90,US,1561416849,67,55.34,-131.65,1017.0,60.8,11.41
Sur,100,OM,1561416987,64,22.57,59.53,1001.3,82.94,3.85
Fukue,20,JP,1561416987,68,35.03,136.69,1016.0,80.01,10.29
Kiruna,81,SE,1561416987,86,67.86,20.23,1025.0,41.0,3.36
Port-Gentil,20,GA,1561416949,88,-0.72,8.78,1014.0,75.2,8.05
Dillon,20,US,1561416987,34,45.22,-112.64,1013.0,66.2,10.29
Adrar,0,DZ,1561416960,5,27.87,-0.29,1010.0,91.4,5.82
Nizhnyaya Maktama,78,RU,1561416988,90,54.86,52.43,1015.08,55.22,6.31
Pimenta Bueno,0,BR,1561416988,67,-11.68,-61.19,1010.04,73.04,2.1
Homer,1,US,1561416988,68,59.64,-151.54,1018.0,71.01,11.41
Sorong,37,ID,1561416988,83,-0.86,131.25,1012.66,80.42,6.35
Praya,20,ID,1561416755,94,-8.71,116.27,1014.0,68.0,11.61
Kawalu,48,ID,1561416870,85,-7.38,108.21,1014.0,66.92,3.62
Canete,0,IT,1561416988,87,46.33,9.49,1030.0,73.4,2.24
Rodrigues Alves,40,BR,1561416989,70,-7.74,-72.65,1011.0,84.2,2.24
Taoudenni,0,ML,1561416814,6,22.68,-3.98,1008.83,95.54,11.23
Bubaque,7,GW,1561416678,80,11.28,-15.83,1013.77,79.7,13.09
Tabuk,100,PH,1561416989,92,17.41,121.44,1010.29,66.56,0.83
Linxia,98,CN,1561416877,70,35.6,103.21,1013.6,61.16,1.63
Stralsund,75,DE,1561416781,77,54.31,13.08,1024.0,64.0,9.17
Poyarkovo,100,RU,1561416989,82,49.62,128.65,1007.28,61.52,5.64
Ilulissat,20,GL,1561416983,61,69.22,-51.1,1014.0,48.2,3.36
Iwanai,6,JP,1561416990,68,42.97,140.51,1015.9,67.46,4.74
Yar-Sale,86,RU,1561416834,69,66.83,70.83,1010.25,38.84,3.42
Itoman,75,JP,1561416990,83,26.12,127.67,1010.0,78.8,3.36
San Patricio,83,PY,1561416847,63,-26.98,-56.83,1004.48,70.52,10.94
Kaseda,0,JP,1561416990,100,31.42,130.32,1015.0,66.2,2.24
Eureka,1,US,1561416981,67,40.8,-124.16,1016.0,62.6,17.22
Pontianak,20,ID,1561416991,94,-0.02,109.34,1011.0,77.0,3.36
Gumdag,0,TM,1561416979,7,39.2,54.59,1008.38,86.18,14.94
Bandundu,15,CD,1561416991,56,-3.32,17.38,1011.21,75.92,4.72
Sergach,8,RU,1561416991,70,55.53,45.48,1020.77,51.8,7.29
Karratha,0,AU,1561416991,46,-20.74,116.85,1019.23,70.88,5.55
Tomatlan,0,MX,1561416855,67,19.93,-105.25,1008.88,82.94,7.34
Bo Phloi,100,TH,1561416991,81,14.32,99.52,1008.6,79.16,3.24
Fare,42,PF,1561416992,80,-16.7,-151.02,1016.27,77.0,22.55
Reo,84,BF,1561416992,40,12.32,-2.47,1008.95,90.86,13.73
Gohad,6,IN,1561416992,52,26.42,78.44,1000.4,90.86,2.1
Alfreton,20,GB,1561416992,88,53.1,-1.39,1018.0,66.2,1.12
Darab,18,IR,1561416993,20,28.75,54.55,1008.8,73.58,5.93
Ostersund,98,SE,1561416739,62,63.18,14.64,1027.0,55.4,4.7
Port Said,0,EG,1561416993,27,25.34,30.55,1007.68,80.96,6.31
Sao Felix do Xingu,13,BR,1561416993,68,-6.64,-51.99,1012.02,73.4,3.44
Brandys nad Labem-Stara Boleslav,0,CZ,1561416993,68,50.19,14.66,1024.0,71.6,8.05
Talladega,1,US,1561416800,74,33.44,-86.11,1013.0,87.8,9.17
Faya,0,SA,1561416994,56,18.39,42.45,1022.0,73.4,4.7
Hoshangabad,58,IN,1561416994,73,22.75,77.72,1003.08,79.34,10.94
Lianyuan,44,CN,1561416994,83,27.69,111.67,1008.42,73.58,1.9
Ponta Delgada,40,PT,1561416814,77,37.73,-25.67,1022.0,66.2,9.17
Silver City,1,US,1561416932,8,32.77,-108.28,1017.0,90.0,12.75
Karachi,40,PK,1561416913,74,24.87,67.03,1003.0,86.0,11.41
Nuuk,75,GL,1561416994,71,64.17,-51.74,1012.0,55.4,13.87
Kretinga,34,LT,1561416995,72,55.89,21.24,1029.0,60.8,5.82
Eufaula,1,US,1561416558,58,31.89,-85.15,1014.0,95.0,12.75
Oksfjord,46,NO,1561416995,76,70.24,22.35,1023.0,51.8,2.24
Key Largo,20,US,1561416937,74,25.09,-80.45,1016.0,88.0,7.43
Nago,0,IT,1561416559,64,45.88,10.89,1021.0,79.0,2.24
Hope,75,CA,1561416995,55,49.38,-121.43,1015.0,68.0,9.17
Myaundzha,82,RU,1561416996,44,63.05,147.18,1014.85,56.48,11.14
Safakulevo,76,RU,1561416996,78,54.99,62.54,1012.25,61.16,5.1
Padang,89,ID,1561416665,74,-0.92,100.36,1011.44,82.04,4.56
Tekirdag,0,TR,1561416996,94,40.98,27.51,1015.0,72.0,13.87
Hoopstad,36,ZA,1561416996,37,-27.83,25.91,1020.59,40.46,3.87
Marzuq,36,YE,1561416873,32,14.4,46.47,1007.43,76.82,4.63
Nuevo Casas Grandes,0,MX,1561416997,9,30.42,-107.91,1007.34,89.96,3.04
Koluszki,0,PL,1561416997,55,51.74,19.82,1026.0,66.2,3.36
Baruun-Urt,1,MN,1561416997,64,46.68,113.28,1001.18,70.52,7.56
Jackson,20,US,1561416567,61,35.61,-88.82,1011.0,82.99,11.41
Chicama,20,PE,1561416997,77,-7.84,-79.15,1013.0,66.2,10.29
Qasigiannguit,20,GL,1561416753,61,68.82,-51.19,1014.0,48.2,3.36
Kalevala,31,FI,1561416997,96,64.12,29.58,1027.41,43.52,3.96
Ryotsu,90,JP,1561416863,94,38.08,138.43,1016.0,69.8,2.24
Santa Cruz,1,US,1561416879,63,36.97,-122.03,1013.0,91.0,10.29
Lucea,75,JM,1561416999,74,18.44,-78.17,1013.0,86.0,10.29
Sibolga,71,ID,1561416999,71,1.74,98.78,1011.5,82.04,6.15
Kibala,0,TD,1561417000,83,9.11,18.35,1012.0,80.6,1.12
Kingston,90,CA,1561416367,60,44.23,-76.48,1008.0,75.99,5.82
Kanniyakumari,61,IN,1561416964,84,8.08,77.57,1007.23,81.32,23.53
Geraldton,90,CA,1561416840,93,49.72,-86.95,1000.0,57.2,6.93
Surt,0,LY,1561417000,60,31.21,16.59,1014.57,80.24,11.3
Kahului,40,US,1561416736,46,20.89,-156.47,1015.0,89.6,6.93
Nantucket,1,US,1561417000,49,41.28,-70.1,1011.0,73.99,10.29
Frankfort,75,US,1561417001,69,38.2,-84.87,1008.0,79.0,10.29
Erdenet,83,MN,1561417001,72,49.03,104.04,999.95,59.18,11.12
Uusikaupunki,0,FI,1561417001,81,60.8,21.41,1030.0,50.0,3.36
High Level,75,CA,1561417001,82,58.52,-117.13,1008.0,60.8,3.36
Progreso,90,UY,1561416716,93,-34.68,-56.22,1001.0,60.01,8.05
Kazachinskoye,100,RU,1561417002,98,57.69,93.28,1009.1,54.68,6.73
Ati,5,TD,1561417002,39,13.21,18.34,1006.42,91.94,11.61
Svetlaya,74,RU,1561417002,51,46.54,138.33,1010.62,76.1,5.53
Leshukonskoye,100,RU,1561416974,75,64.9,45.76,1023.78,41.36,5.44
Etropole,20,BG,1561417002,93,42.83,24.0,1021.0,61.0,4.7
Nishihara,75,JP,1561417003,82,35.74,139.53,1018.0,72.0,1.12
Bay Roberts,75,CA,1561417003,71,47.58,-53.28,1007.0,57.99,6.93
Dawlatabad,0,AF,1561417003,20,36.41,64.91,1009.65,74.66,7.45
Pumiao,40,CN,1561417003,94,22.75,108.49,1006.0,78.8,6.71
Lang Son,100,VN,1561417003,96,21.83,106.73,1005.38,77.18,2.42
Hovd,0,NO,1561417003,71,63.83,10.7,1028.0,57.2,4.7
Ninghai,75,CN,1561417004,83,29.29,121.42,1010.0,78.01,2.24
Lamu,64,ID,1561416771,77,0.57,122.3,1012.76,80.96,4.65
Port Augusta,75,AU,1561417004,93,-32.49,137.76,1029.0,45.0,8.05
La Tiza,90,PE,1561417004,72,-12.44,-76.77,1014.0,64.4,14.99
Novoagansk,34,RU,1561417004,76,61.94,76.66,1009.47,56.12,8.01
Vernon,20,CA,1561416634,37,50.27,-119.27,1012.0,72.0,5.82
Kloulklubed,75,PW,1561416869,83,7.04,134.26,1011.0,80.6,6.93
Nouadhibou,22,MR,1561416727,73,20.93,-17.03,1014.0,69.8,17.22
Waingapu,5,ID,1561416706,74,-9.65,120.26,1015.77,72.32,16.08
Khash,0,IR,1561417005,16,28.22,61.21,1006.04,63.5,7.67
Uruguaiana,0,BR,1561416742,73,-29.77,-57.08,1002.0,71.6,9.17
Maicao,98,CO,1561417005,65,11.38,-72.24,1010.64,84.38,15.14
Kieta,3,PG,1561416986,73,-6.22,155.63,1010.69,83.48,7.7
Ahipara,99,NZ,1561416748,75,-35.17,173.16,1024.79,59.0,14.83
Blagoyevo,19,RU,1561417005,85,63.37,47.92,1022.39,39.2,7.0
Jijiga,68,ET,1561417006,78,9.35,42.8,1009.7,57.92,5.97
Ajdabiya,0,LY,1561417006,72,30.75,20.22,1014.18,77.0,2.73
Albert Town,75,JM,1561417006,74,18.29,-77.54,1013.0,86.0,10.29
Mangrol,12,IN,1561417006,43,25.33,76.51,1001.13,92.48,1.52
Kingisepp,56,RU,1561416804,85,59.38,28.61,1029.54,51.8,2.86
Mikuni,20,JP,1561417007,68,36.22,136.15,1017.0,69.8,4.7
Sechura,34,PE,1561417007,83,-5.56,-80.82,1012.33,66.2,16.08
Havoysund,40,NO,1561417007,76,71.0,24.66,1022.0,48.2,20.8
Pangai,75,TO,1561417008,83,-19.8,-174.35,1019.0,77.0,11.41
Kachug,100,RU,1561416839,50,53.96,105.89,999.81,64.4,4.45
Zhigansk,46,RU,1561417008,53,66.77,123.37,1007.52,72.5,8.01
Binghamton,1,US,1561416899,56,42.1,-75.91,1009.0,77.0,4.7
Grand Gaube,75,MU,1561417008,94,-20.01,57.66,1017.0,73.0,13.87
Chukhloma,39,RU,1561417008,97,58.76,42.68,1022.93,46.76,5.55
Grahamstown,99,ZA,1561417008,86,-33.31,26.53,1021.0,55.99,3.0
Eucaliptus,0,BO,1561417009,23,-17.6,-67.51,1015.23,44.42,2.91
Mikhaylovka,100,RU,1561417009,89,52.96,103.29,999.85,59.36,7.29
Cape Canaveral,1,US,1561416994,59,28.41,-80.6,1016.0,95.0,5.82
Manyana,40,AU,1561417009,100,-35.26,150.51,1034.0,55.99,4.7
Pangkalanbuun,84,ID,1561417009,92,-2.68,111.62,1012.66,75.56,2.01
Saint-Augustin,0,FR,1561417010,83,44.83,-0.61,1014.0,75.99,4.7
Santa Isabel do Rio Negro,67,BR,1561416786,97,-0.41,-65.02,1011.12,74.12,2.06
Mwinilunga,0,ZM,1561416961,53,-11.73,24.43,1016.74,53.6,4.41
Port-de-Bouc,0,FR,1561417010,64,43.4,4.98,1017.0,78.01,5.82
Rio Branco,0,BR,1561417010,70,-9.98,-67.82,1010.0,84.2,1.48
Killorglin,75,IE,1561417011,93,52.1,-9.78,1020.0,59.0,3.36
Urcos,0,PE,1561417011,23,-13.69,-71.62,1028.0,60.8,8.05
Lima,90,PE,1561416802,72,-12.06,-77.04,1014.0,64.4,14.99
San Juan,99,AR,1561416537,59,-31.54,-68.53,1009.98,44.96,9.48
Sheridan,75,US,1561417011,19,39.65,-105.03,1015.0,84.99,17.96
Waipawa,72,NZ,1561416978,95,-39.94,176.59,1030.0,46.99,4.14
Camapua,0,BR,1561417011,51,-19.53,-54.04,1011.83,68.18,9.01
Poum,0,MK,1561416796,77,41.28,20.71,1019.0,62.6,3.36
